{"cameraMode":{"drawMode":0,"name":"Shaded","section":"Shading Mode"},"sceneLighting":false,"audioPlay":false,"sceneViewState":{"showFog":true,"showMaterialUpdate":false,"showSkybox":false,"showFlares":true,"showImageEffects":true,"showParticleSystems":true},"in2DMode":false,"pivot":{"x":-12.01939582824707,"y":-66.45327758789063,"z":-10.395885467529297},"rotation":{"x":0.759030282497406,"y":0.007811314892023802,"z":-0.009109311737120152,"w":0.650954008102417},"size":0.27215123176574709,"orthographic":true}